ID,STATE_NAME,ST_ABBREV,CNTY_NAME,REGION,PM25,OZONE,DSLPM,CANCER,RESP,RSEI_AIR,PTRAF,PRE1960,PRE1960PCT,PNPL,PRMP,PTSDF,UST,PWDIS
25025000101,Massachusetts,MA,Suffolk,1,7.23106109589041,57.52787,0.421661447,30.0,0.3,4327.941599223881,1072.806706077612,397.0,0.686851211072664,0.08275999841791,0.155475558727079,26.338040061791048,4.707372884524521,0.002001344639659
25025000102,Massachusetts,MA,Suffolk,1,7.23106109589041,57.52787,0.421661447,30.0,0.3,4332.727525583198,1812.8313060210016,487.0,0.326845637583892,0.08302845374475,0.141832627991922,23.25640296369951,3.936035251693053,0.003598621061389
25025000201,Massachusetts,MA,Suffolk,1,7.23791506849315,57.31368,0.342111556,20.0,0.3,4356.252038007841,863.8913222435366,1308.0,0.70971242539338,0.085904422720718,0.120828195708576,13.3851004140425,1.433461802818872,0.002309613340501
25025000202,Massachusetts,MA,Suffolk,1,7.24180520547945,57.40047,0.345564856,20.0,0.3,4422.413875345225,736.7562829433942,1179.0,0.763106796116504,0.087417540896818,0.1305828970135,19.25571707251688,2.80057655792189,0.001758669660559
25025000301,Massachusetts,MA,Suffolk,1,7.23844876712329,57.24225,0.339133306,20.0,0.3,4339.000103306123,1137.4127350624362,523.0,0.422797089733225,0.084360822357143,0.112524757859375,9.918937737971302,1.540743678507653,0.001451484733418
25025000302,Massachusetts,MA,Suffolk,1,7.24242,57.25527,0.341777239,20.0,0.3,4505.75938327832,339.3202582597005,886.0,0.626591230551626,0.089865569526693,0.116682571559896,9.040278696368487,0.85379075322526,0.00084822223763
25025000401,Massachusetts,MA,Suffolk,1,7.24928493150685,57.54513,0.376092036,20.0,0.3,4700.436567642234,456.6477068752093,1408.0,0.465608465608465,0.096625985660687,0.143484755529985,16.650719112393645,9.839279867790877,0.00069564035879
25025000402,Massachusetts,MA,Suffolk,1,7.24999780821918,57.38312,0.344295762,20.0,0.3,4623.730050527716,352.54349587121294,1034.0,0.702923181509177,0.094749508280461,0.130304808521131,13.509414137475304,2.827177768059276,0.000791163976125
25025000502,Massachusetts,MA,Suffolk,1,7.25179506849315,57.39433,0.354641437,20.0,0.3,4850.542345213427,477.1491707179072,991.0,0.561473087818696,0.100021890539508,0.128790752163899,12.429585428068997,2.658407138445462,0.00056089513842
25025000503,Massachusetts,MA,Suffolk,1,7.25101205479452,57.5361,0.375442025,20.0,0.3,4834.033592895368,435.30091685397014,884.0,0.711755233494364,0.10073128710091,0.142408254914392,15.761996891985111,6.299535951634823,0.000570461166667
25025000505,Massachusetts,MA,Suffolk,1,7.2502104109589,57.56942,0.460924678,30.0,0.3,4802.255504756376,465.43735867595626,332.0,0.300452488687782,0.098078998212204,0.157009123620219,19.42066353251821,12.9895901590847,0.000624961540984
25025000506,Massachusetts,MA,Suffolk,1,7.2502104109589,57.56942,0.460924678,30.0,0.3,4805.457404649741,333.2469808572366,821.0,0.571329157967988,0.100785751820725,0.149922522728152,17.998223408607945,9.160347607491882,0.000563577940242
25025000601,Massachusetts,MA,Suffolk,1,7.24418301369863,57.48761,0.371207163,20.0,0.3,4498.419328425226,1087.0387843747203,891.0,0.598790322580645,0.088768833927621,0.140094340166578,23.557728116596596,4.494233038766631,0.001378174268228
25025000603,Massachusetts,MA,Suffolk,1,7.24596547945205,57.52507,0.437866851,30.0,0.3,4585.190723,432.5295737,248.0,0.268980477223427,0.094210623,0.150566939,19.7304994,9.282102054,0.000791564
25025000604,Massachusetts,MA,Suffolk,1,7.24596547945205,57.52507,0.437866851,30.0,0.3,4574.747036649942,1094.6292340950984,553.0,0.48296943231441,0.090483858871864,0.155144369292551,23.875593029664223,5.211513292470089,0.000943613923582
25025000701,Massachusetts,MA,Suffolk,1,7.25028849315069,57.55977,0.510460027,30.0,0.3,4636.387807850565,326.55949357938897,1387.0,0.603043478260869,0.094398412263892,0.16165027292008,22.616696894405575,5.959581108707328,0.001255513733673
25025000703,Massachusetts,MA,Suffolk,1,7.24868109589041,57.71365,0.527970461,30.0,0.4,4491.265869459459,1542.5362867972972,779.0,0.72940074906367,0.090952343121622,0.180374169612613,30.594977524729728,5.204655052963965,0.005070645536036
25025000704,Massachusetts,MA,Suffolk,1,7.24693698630137,57.65037,0.526223809,30.0,0.4,4598.853278521648,1029.8019554591679,1332.0,0.594908441268423,0.092259062563818,0.168391400979669,26.860642063027107,6.882221919981174,0.002921504808735
25025000804,Massachusetts,MA,Suffolk,1,7.23861698630137,57.70688,0.524640375,30.0,0.3,4400.940442732756,2978.3445809630207,931.0,0.712863705972434,0.085277202232101,0.161395223944138,27.829981586726987,5.031227116436139,0.003063768163651
25025000805,Massachusetts,MA,Suffolk,1,7.23861698630137,57.70688,0.524640375,30.0,0.3,4452.39343646902,2980.1887122967937,631.0,0.396855345911949,0.088747662589471,0.177529976030763,31.664034097172877,5.352048882250866,0.005777519085139
25025000806,Massachusetts,MA,Suffolk,1,7.23350109589041,57.78632,0.537053224,30.0,0.4,4235.977781864604,2160.224120259128,53.0,0.060989643268124,0.079386888205375,0.164614906878803,32.17334837524847,6.358459108848377,0.01792716575355
25025000807,Massachusetts,MA,Suffolk,1,7.23350109589041,57.78632,0.537053224,30.0,0.4,4424.351768,4415.075045,0.0,0.0,0.089256607,0.201920523,43.52850186,4.142781105,0.018009824
25025010103,Massachusetts,MA,Suffolk,1,7.24359534246575,58.00844,0.548054491,30.0,0.4,4266.608370846285,3609.5117937824143,132.0,0.248120300751879,0.091240279635512,0.276566567757292,46.85170961041729,18.609483265369168,0.016280499111561
25025010104,Massachusetts,MA,Suffolk,1,7.24175068493151,58.157,0.587049103,30.0,0.4,4138.868013028046,6475.11498970788,1597.0,0.864177489177489,0.090115292018171,0.329498854121667,48.27062180574363,22.010453606934625,0.011160981218843
25025010204,Massachusetts,MA,Suffolk,1,7.25048547945205,58.04694,0.543288198,30.0,0.4,4347.759538168168,4081.8864593952953,787.0,0.660789252728799,0.094114413212315,0.274563268975893,47.26904695868719,15.833781973786811,0.008609702108336
25025010205,Massachusetts,MA,Suffolk,1,7.2547504109589,58.13898,0.555030058,30.0,0.4,4292.882867139013,2043.5105663750508,1180.0,0.454370427416249,0.097340220882185,0.324985393085609,56.00771052912759,27.3831701450958,0.004761521964533
25025010206,Massachusetts,MA,Suffolk,1,7.2547504109589,58.13898,0.555030058,30.0,0.4,4144.426389406686,5505.233123674096,677.0,0.514437689969604,0.09373599547493,0.351223877704735,53.29621532253481,25.056462769568245,0.005985761362117
25025010300,Massachusetts,MA,Suffolk,1,7.26147726027397,58.06584,0.539040956,40.0,0.4,4368.693956336289,1305.1745222082527,184.0,0.727272727272727,0.101261979348631,0.325943049241034,60.881536905383726,13.194368107900116,0.003660819150791
25025010403,Massachusetts,MA,Suffolk,1,7.25428794520548,58.26421,0.594474551,30.0,0.4,4019.3,4844.382675214847,893.0,0.444942700548081,0.093524700937716,0.41879228436804,51.19136911558351,26.425711150025165,0.004572089068575
25025010404,Massachusetts,MA,Suffolk,1,7.26131178082192,58.24001,0.560486293,30.0,0.4,4099.057069088916,2629.7339312618756,1056.0,0.706827309236947,0.09670564882617,0.444327120898382,47.060965569116064,11.205094241630244,0.003597230557856
25025010405,Massachusetts,MA,Suffolk,1,7.27071753424658,58.24791,0.560413082,30.0,0.4,4114.842391363636,3697.3719980966,549.0,0.577287066246056,0.098663777776302,0.4425659731789,47.59247670104772,12.739206781892896,0.003381798803006
25025010408,Massachusetts,MA,Suffolk,1,7.2572602739726,58.16424,0.550178982,30.0,0.4,4299.194226,1891.049333,660.0,0.723684210526315,0.096619477,0.354905665,52.1068324,37.71714407,0.004631883
25025010500,Massachusetts,MA,Suffolk,1,7.25464547945205,58.34676,0.601936701,30.0,0.4,3976.942530991744,6692.384801913313,1001.0,0.478489483747609,0.092931954570691,0.473677627211558,48.9272055832095,4.510745461754386,0.00416935724871
25025010600,Massachusetts,MA,Suffolk,1,7.24539260273973,58.40318,0.648738961,30.0,0.4,3890.509457155285,6638.174498131481,558.0,0.20057512580877,0.08945843788212,0.469703366741287,51.135218944346846,1.734538943697648,0.004751299911873
25025010701,Massachusetts,MA,Suffolk,1,7.24218739726027,58.3574,0.663875515,30.0,0.4,3953.9215991643728,5064.257849037357,1368.0,0.878612716763005,0.088249398449076,0.391173793108927,53.07734890723948,0.311975763340543,0.007358424329139
25025010702,Massachusetts,MA,Suffolk,1,7.2320898630137,58.43979,0.688955468,30.0,0.4,3786.2121040756015,5136.930818710482,1475.0,0.854577056778679,0.085119369847079,0.458096738432131,52.42255926843643,4.055405567988832,0.007378831756014
25025010801,Massachusetts,MA,Suffolk,1,7.23226383561644,58.4101,0.68780644,30.0,0.5,3802.51288994958,5609.075523467086,1701.0,0.878162106350025,0.083769132230392,0.476934929160714,50.24325704762255,1.330966325835784,0.010424367531863
25025010802,Massachusetts,MA,Suffolk,1,7.23466301369863,58.30037,0.660419934,30.0,0.4,3936.5881474957487,3780.293888017005,1933.0,0.937439379243453,0.087554796882603,0.358813322940157,49.81399706087312,0.0,0.010354348870177
25025020101,Massachusetts,MA,Suffolk,1,7.21684136986301,58.52927,0.701865537,30.0,0.4,3668.9508370559615,6449.739905650295,2897.0,0.949524745984923,0.079642756810626,0.569776565986541,52.01285102872255,5.508997751698229,0.008419691440614
25025020200,Massachusetts,MA,Suffolk,1,7.21263890410959,58.50129,0.701527612,30.0,0.4,3664.051576844901,4651.736414475025,2213.0,0.902160619649408,0.077970297848843,0.560274877737119,58.646598991577285,7.396669085853049,0.007942871468191
25025020301,Massachusetts,MA,Suffolk,1,7.19677424657534,58.5181,0.701894683,30.0,0.4,3629.869747,5407.183797,49.0,0.034950071326676,0.075456929,0.550781163,52.92841281,4.641961173,0.057721691
25025020302,Massachusetts,MA,Suffolk,1,7.20837479452055,58.62283,0.706763485,30.0,0.4,3544.858405,2248.592345,567.0,0.908653846153846,0.077410264,0.571307311,61.31054015,6.230638809,0.006565587
25025020304,Massachusetts,MA,Suffolk,1,7.18897643835616,58.59033,0.705575097,30.0,0.4,3498.408465919727,12256.652983909235,26.0,0.026156941649899,0.073824531253935,0.575798655687828,52.62617815875132,4.6025354604617,0.015590732578699
25025020305,Massachusetts,MA,Suffolk,1,7.18897643835616,58.59033,0.705575097,30.0,0.4,3571.126494205615,5954.981627458848,47.0,0.021029082774049,0.074382780919901,0.563320440395816,49.103290827319015,7.402377946375447,0.038131823058904
25025030100,Massachusetts,MA,Suffolk,1,7.1861597260274,58.69844,0.695793584,30.0,0.4,3472.5831830936177,3407.8117528893617,1071.0,0.79628252788104,0.072125297540426,0.592292357995745,39.469876037234044,1.856008668676596,0.012463407506383
25025030200,Massachusetts,MA,Suffolk,1,7.18704657534247,58.65105,0.712917834,30.0,0.4,3498.4088229090903,7354.680389818181,716.0,0.67931688804554,0.073362708909091,0.581838377181818,45.42248393272728,2.334327666727273,0.010990320636364
25025030301,Massachusetts,MA,Suffolk,1,7.18907534246575,58.72236,0.717896051,30.0,0.4,3393.8197989848377,8697.750228261371,161.0,0.158620689655172,0.075601136384116,0.578002617288087,37.554416674144406,1.855982335591336,0.003802263573285
25025030302,Massachusetts,MA,Suffolk,1,7.18907534246575,58.72236,0.717896051,30.0,0.4,3479.512605,5517.46558,462.0,0.361785434612372,0.077068685,0.580706625,49.95813569,4.096857306,0.00531908
25025030400,Massachusetts,MA,Suffolk,1,7.18241452054794,58.74504,0.70778983,30.0,0.4,3412.0822570389423,5754.205209969231,2145.0,0.790637670475488,0.073270037150962,0.583775282060337,43.47113220570192,0.853749623794231,0.00709040069399
25025030500,Massachusetts,MA,Suffolk,1,7.17888082191781,58.75766,0.696842494,30.0,0.4,3375.785602762063,2051.253492843094,1140.0,0.71383844708829,0.07172319021989,0.596184763976427,43.39244517153591,0.455348504235359,0.006775273243462
25025040100,Massachusetts,MA,Suffolk,1,7.18046739726027,58.63634,0.672032981,30.0,0.4,3511.0544685474574,3860.6428524796606,801.0,0.64963503649635,0.0693922163,0.623852496967797,33.49992340522034,5.31744814361017,0.007631234825424
25025040200,Massachusetts,MA,Suffolk,1,7.1741597260274,58.71099,0.612990947,30.0,0.4,3435.99881453074,1148.8081522383939,592.0,0.776902887139107,0.069439275114178,0.564105811022585,31.084447086524474,6.505596948398996,0.016698914877039
25025040300,Massachusetts,MA,Suffolk,1,7.1732797260274,58.54475,0.606383278,30.0,0.4,3562.790020692155,1025.0113680886627,1903.0,0.847661469933184,0.071251569120221,0.474548507889945,30.530995414925968,1.999234565036464,0.024324459273591
25025040401,Massachusetts,MA,Suffolk,1,7.18633616438356,58.56294,0.650900708,30.0,0.4,3576.5288478720054,4961.755927341204,727.0,0.538119911176905,0.070918270345996,0.475000351183436,33.29789018981519,4.67013461654449,0.014595618776523
25025040600,Massachusetts,MA,Suffolk,1,7.17972767123288,58.50982,0.579754525,30.0,0.4,3634.347887543036,3375.1224210008145,859.0,0.485859728506787,0.074212127873201,0.408193579748846,30.345873105481942,3.964172403588651,0.034624905349715
25025040801,Massachusetts,MA,Suffolk,1,7.16090465753425,58.81697,0.609208396,30.0,0.4,3415.550091108028,573.2997215649158,1203.0,0.50716694772344,0.06916526130005,0.622233412327552,31.174720006503964,8.223650987292864,0.020262494234143
25025050101,Massachusetts,MA,Suffolk,1,7.13932136986301,59.05875,0.498506392,30.0,0.4,3303.106002522269,317.6027049679683,1555.0,0.774402390438247,0.067627946801708,0.823815282110026,21.91035891504169,6.772326070063658,0.407966328341672
25025050200,Massachusetts,MA,Suffolk,1,7.13668356164384,59.11786,0.514530567,30.0,0.4,3262.9110206192036,1191.7888955640947,1490.0,0.783385909568874,0.065874179603425,0.617105028453146,22.96602275609775,5.009319766693476,0.223171413844333
25025050300,Massachusetts,MA,Suffolk,1,7.15755424657534,58.98468,0.655191096,30.0,0.4,3312.2087787262126,1466.9750358788215,451.0,0.25,0.067674611903008,0.631151513930939,28.10235507820135,1.461049009429711,0.084295763896869
25025050400,Massachusetts,MA,Suffolk,1,7.15010164383562,59.06133,0.65512069,30.0,0.4,3260.619999999999,763.6871588097806,810.0,0.791788856304985,0.06818075981914,0.59955457230059,26.60039761300169,3.685282973681281,0.076377872495363
25025050500,Massachusetts,MA,Suffolk,1,7.10785671232877,59.55809,0.529625894,30.0,0.4,3243.439457,1608.230257,871.0,0.799082568807339,0.066559619,0.482013264,23.05103235,13.45577221,0.107498208
25025050600,Massachusetts,MA,Suffolk,1,7.14951123287671,59.05539,0.605389625,30.0,0.4,3244.485199683703,2895.4395853519763,646.0,0.747685185185185,0.066455821131148,0.511409499684667,25.42589571541948,0.740612569092575,0.120623532669238
25025050700,Massachusetts,MA,Suffolk,1,7.13595808219178,59.12867,0.536966762,30.0,0.4,3242.659921146903,2285.2328745526547,1378.0,0.791044776119403,0.064873088285398,0.526508821382301,22.15476367111505,7.141159835151107,0.170699906836283
25025050901,Massachusetts,MA,Suffolk,1,7.12238493150685,59.31214,0.467022835,30.0,0.4,3250.1117449776048,1237.9580250898632,1424.0,0.924075275794938,0.065932997683168,0.629168546906176,19.65617623774399,6.220959448988213,0.423361240821311
25025051000,Massachusetts,MA,Suffolk,1,7.0872002739726,59.43957,0.419119516,30.0,0.4,3319.5700027926805,1009.4447737099374,1453.0,0.72001982160555,0.064520815310864,0.420729625480426,12.9408299768404,2.446756312002317,0.318347995637016
25025051101,Massachusetts,MA,Suffolk,1,7.06060164383562,59.77461,0.404342909,30.0,0.4,3249.4144970229104,562.1921958091347,2048.0,0.759080800593031,0.063672564673529,0.316972897264396,11.545859571894736,2.79335967551579,0.165619446985913
25025051200,Massachusetts,MA,Suffolk,1,7.15195068493151,59.11117,0.576962898,30.0,0.4,3211.487929443544,628.787220044007,1061.0,0.634949132256134,0.068453168745223,0.56275884928315,26.69605712477417,6.893773074898668,0.063955982408512
25025060101,Massachusetts,MA,Suffolk,1,7.17030794520548,59.10009,0.533449826,30.0,0.3,3319.783649828478,243.8357577347128,1059.0,0.585406301824212,0.082928060067247,0.319888363048734,14.114642422371356,8.413242322711408,0.001115512269534
25025060200,Massachusetts,MA,Suffolk,1,7.18242465753425,58.98548,0.513949499,30.0,0.3,3296.8565801546392,327.3785666974227,750.0,0.728862973760933,0.085947977572165,0.366444668469072,15.313856769278347,7.884339592649484,0.001118482005155
25025060301,Massachusetts,MA,Suffolk,1,7.19204301369863,58.90541,0.513952338,30.0,0.3,3729.242018307564,358.6630291598504,1393.0,0.798738532110091,0.087145492945137,0.417327392852037,17.438855370598503,5.359414635133001,0.001174928136326
25025060400,Massachusetts,MA,Suffolk,1,7.20818739726027,58.83573,0.516077854,30.0,0.3,3552.3394399085664,488.694883645024,1593.0,0.624460995687965,0.089994672303946,0.523383655367469,20.66599379490472,2.311547740852165,0.001240353083349
25025060501,Massachusetts,MA,Suffolk,1,7.19486465753425,58.93446,0.568478881,30.0,0.3,3814.256022041623,475.74105184141126,1277.0,0.571364653243847,0.085544433530742,0.444777104188253,22.900676914155927,7.958638303340377,0.001308405390027
25025060601,Massachusetts,MA,Suffolk,1,7.19999068493151,58.85575,0.705871776,30.0,0.4,3489.46,473.6322793,543.0,0.503243744207599,0.087430302,0.60601843,33.28179637,10.58715099,0.001602622
25025060602,Massachusetts,MA,Suffolk,1,7.19999068493151,58.85575,0.705871776,30.0,0.4,3393.084862,393.7546004,0.0,0.0,0.083839253,0.469463505,30.04720721,8.012610424,0.001643264
25025060603,Massachusetts,MA,Suffolk,1,7.19999068493151,58.85575,0.705871776,30.0,0.4,3334.576765,3554.965221,6.0,0.007802340702211,0.078801951,0.561251721,31.49131927,1.682923256,0.001851168
25025060604,Massachusetts,MA,Suffolk,1,7.19999068493151,58.85575,0.705871776,30.0,0.4,3315.819733976454,2090.5579596760617,392.0,0.188552188552188,0.078148076891545,0.580356967908313,40.031348204113456,2.147201152344988,0.002344447978594
25025060700,Massachusetts,MA,Suffolk,1,7.22664191780822,58.72567,0.632156938,30.0,0.4,3529.0433943090584,1210.009084330373,513.0,0.511465603190428,0.089710617484902,0.799305546307282,34.4444519069627,16.156018757205448,0.001729866571936
25025060800,Massachusetts,MA,Suffolk,1,7.22143424657534,58.69391,0.588364786,30.0,0.4,3532.7834155902447,605.4749526500925,1203.0,0.484299516908212,0.091059559094464,0.785873258968924,33.655542735433215,10.172842018744598,0.001514330207244
25025061000,Massachusetts,MA,Suffolk,1,7.22385616438356,58.79724,0.548868534,30.0,0.3,3564.16,1155.9780406200332,992.0,0.641655886157826,0.093478943403974,0.761055521260348,27.471246466278977,4.893982748519868,0.001346895275248
25025061101,Massachusetts,MA,Suffolk,1,7.24122876712329,58.73317,0.548699075,30.0,0.4,3593.4440169232475,5769.204293549077,1029.0,0.859649122807017,0.099909954049446,0.909722743699631,25.533207397948335,5.800997290567528,0.001243162005166
25025061201,Massachusetts,MA,Suffolk,1,7.22767095890411,58.69081,0.62314443,30.0,0.4,3657.507076,3315.856586,540.0,0.573248407643312,0.097027246,1.206225657,34.00908833,7.298031776,0.001397183
25025061202,Massachusetts,MA,Suffolk,1,7.22767095890411,58.69081,0.62314443,30.0,0.4,0.0,,0.0,0.0,0.0,0.0,0.0,0.0,
25025061203,Massachusetts,MA,Suffolk,1,7.22767095890411,58.69081,0.62314443,30.0,0.4,3548.551743,2838.759048,251.0,0.197327044025157,0.087629471,0.683755114,37.22230621,13.82863667,0.001945962
25025061204,Massachusetts,MA,Suffolk,1,7.22767095890411,58.69081,0.62314443,30.0,0.4,3465.648919,3508.012617,460.0,0.656205420827389,0.082330975,0.549336201,37.94616448,11.76248266,0.002067913
25025070102,Massachusetts,MA,Suffolk,1,7.21082191780822,58.68422,0.713418883,30.0,0.4,3562.871440829943,3947.7325804345,361.0,0.253867791842475,0.080771006284784,0.616377807069162,56.219020657917,4.549887614207487,0.00372114640358
25025070103,Massachusetts,MA,Suffolk,1,7.21082191780822,58.68422,0.713418883,30.0,0.4,3537.119001,11681.84038,38.0,0.138181818181818,0.084011558,0.603948829,51.11244147,5.946649027,0.002856598
25025070104,Massachusetts,MA,Suffolk,1,7.21082191780822,58.68422,0.713418883,30.0,0.4,3506.5410598560447,6004.6158834116,488.0,0.316267012313674,0.079960297895877,0.618172828689727,54.740987430740745,6.735031357924528,0.003322441283019
25025070201,Massachusetts,MA,Suffolk,1,7.22174739726027,58.5815,0.701705725,30.0,0.4,3628.52,7531.989869171427,95.0,0.081405312767781,0.083834241118296,0.62548496528421,58.607876193243115,6.921005118144361,0.003888684494737
25025070202,Massachusetts,MA,Suffolk,1,7.22174739726027,58.5815,0.701705725,30.0,0.4,3622.7941665613553,7119.195103635531,684.0,0.262975778546712,0.083371366319597,0.619395479307692,58.08486953075092,5.949869394321428,0.003241371471612
25025070301,Massachusetts,MA,Suffolk,1,7.23277260273973,58.49825,0.681767304,30.0,0.4,3760.76171378536,5743.252258244916,1275.0,0.815217391304347,0.088945182591053,0.57485255631315,53.68601914728875,3.756050264774514,0.003506013093538
25025070302,Massachusetts,MA,Suffolk,1,7.23277260273973,58.49825,0.681767304,30.0,0.4,3673.5064384842103,10234.159352240193,663.0,0.521226415094339,0.085140191277512,0.544052723895215,57.27152988605263,5.576838083486603,0.004182046052632
25025070402,Massachusetts,MA,Suffolk,1,7.23443123287671,58.57106,0.679834035,30.0,0.4,3662.22834447262,6404.387772790227,149.0,0.079466666666667,0.087919042336984,0.641253112689975,47.280851403513054,8.239850933582982,0.002822690660489
25025070501,Massachusetts,MA,Suffolk,1,7.25258739726027,58.47495,0.612843749,30.0,0.4,3699.5,2420.257642251012,743.0,0.686057248384118,0.090639436087719,0.738011118043185,46.258359155816464,5.505134062991902,0.002723850442645
25025070502,Massachusetts,MA,Suffolk,1,7.25258739726027,58.47495,0.612843749,30.0,0.4,3814.555305665488,3032.206824492485,1576.0,0.715388107126645,0.093445795095196,0.767147912990864,46.521772725089896,8.911936421108459,0.002680637494548
25025070600,Massachusetts,MA,Suffolk,1,7.25353753424658,58.43986,0.617850208,30.0,0.4,3859.0384682352415,5449.060016954088,1248.0,0.98812351543943,0.092159769703979,0.640830185086576,47.1689663278662,4.141936309190642,0.003091830274158
25025070700,Massachusetts,MA,Suffolk,1,7.24744493150685,58.40515,0.647741021,30.0,0.4,3845.7170857839337,7836.629910658488,994.0,0.587817859254878,0.090564091034824,0.550961912365255,50.13074508083103,3.700394948506926,0.003676035657301
25025070801,Massachusetts,MA,Suffolk,1,7.2611704109589,58.36685,0.574630277,30.0,0.4,3973.763391,9669.960335,504.0,0.860068259385665,0.097289026,0.60487843,45.7275272,6.781520382,0.002777123
25025070802,Massachusetts,MA,Suffolk,1,7.2611704109589,58.36685,0.574630277,30.0,0.4,3896.3722451378026,8854.16115213147,1309.0,0.789981894990947,0.094997550034637,0.608175300845438,46.02903489023091,6.63038516430391,0.00301767196648
25025070901,Massachusetts,MA,Suffolk,1,7.26703726027397,58.37569,0.562316301,30.0,0.4,3954.89,5097.199207,578.0,0.852507374631268,0.098570539,0.750558677,55.01532999,12.17785071,0.00240213
25025070902,Massachusetts,MA,Suffolk,1,7.26703726027397,58.37569,0.562316301,30.0,0.4,3953.83425806,3896.1899007239135,821.0,0.710207612456747,0.096999863146957,0.802420634286957,49.05755053718696,10.820819376969563,0.00244791415913
25025071101,Massachusetts,MA,Suffolk,1,7.26462684931507,58.49569,0.563412911,30.0,0.4,3808.271771525177,2824.837989242033,1281.0,0.529120198265179,0.097956618811238,1.12910391112649,54.60980164792508,19.522799953761616,0.002113071186329
25025071201,Massachusetts,MA,Suffolk,1,7.24794301369863,58.53585,0.603580082,30.0,0.4,3717.3740380227646,5052.527885770345,706.0,0.391135734072022,0.092148917086227,0.929017128326978,46.153022689015366,11.5638579341033,0.00235867952675
25025080100,Massachusetts,MA,Suffolk,1,7.2771901369863,58.46731,0.557230161,30.0,0.4,3904.3430269310343,2555.1634781741377,530.0,0.664993726474278,0.106571585905172,2.474918574456896,33.576692011724134,8.48403970275862,0.001516676612069
25025080300,Massachusetts,MA,Suffolk,1,7.29278,58.37115,0.556991036,30.0,0.4,4101.299100855993,633.9666997085867,433.0,0.43825910931174,0.110024574528623,0.86309872731932,31.894496845223607,7.149863784203936,0.00156889669678
25025080401,Massachusetts,MA,Suffolk,1,7.28641726027397,58.37648,0.557264481,30.0,0.4,4114.119744002064,2766.0056755134174,293.0,0.191879502292075,0.104294767905043,0.806639399286936,43.024675025989374,8.137924482480683,0.00196312127455
25025080500,Massachusetts,MA,Suffolk,1,7.27429561643836,58.36628,0.557179116,30.0,0.4,3994.3447194409982,5398.500783828467,759.0,0.469097651421508,0.100991948931265,0.691527555102798,44.35746279453164,7.106743959695864,0.002290987807786
25025080601,Massachusetts,MA,Suffolk,1,7.27981808219178,58.33008,0.555582192,30.0,0.4,4179.473745251479,9940.183881912088,415.0,0.47591743119266,0.102674199752959,0.555642006474429,41.20582098942096,3.575451200899197,0.002413424254015
25025080801,Massachusetts,MA,Suffolk,1,7.27521534246575,58.20556,0.5453187,30.0,0.4,4371.624400301728,1565.2901695427372,343.0,0.293413173652694,0.105873908069127,0.391013720507707,44.23272918209715,7.468607636338628,0.002539573724428
25025080900,Massachusetts,MA,Suffolk,1,7.27596904109589,58.1727,0.53928303,30.0,0.3,4450.466637328153,864.1630823105116,434.0,0.271759549154664,0.109999016999086,0.340955729342322,41.83651176317184,9.875139607568556,0.002306539625229
25025081001,Massachusetts,MA,Suffolk,1,7.26944301369863,58.07414,0.537239248,30.0,0.4,4617.465987822827,1083.8701292911328,986.0,0.396461600321672,0.110245943760843,0.29104135167849,44.85170202066199,14.96405064845268,0.002401463539421
25025081101,Massachusetts,MA,Suffolk,1,7.27224410958904,58.05661,0.53490338,30.0,0.3,4964.208585649596,1156.141815632884,305.0,0.38125,0.119406719487871,0.258318622026954,30.77953024657681,9.578750002506736,0.001831817814016
25025081102,Massachusetts,MA,Suffolk,1,7.27224410958904,58.05661,0.53490338,30.0,0.3,4762.037251619905,900.1796045749763,623.0,0.466317365269461,0.115803210685308,0.296937872935545,33.72643060950711,8.878769325800947,0.001967502911848
25025081200,Massachusetts,MA,Suffolk,1,7.28264136986301,58.1516,0.535836621,30.0,0.3,4706.527970443525,1128.1184009392186,798.0,0.576173285198555,0.122404572584997,0.315372182020251,26.190901777612662,3.076487966397319,0.001629567852253
25025081301,Massachusetts,MA,Suffolk,1,7.28244767123288,58.19119,0.538394497,30.0,0.3,4663.413939743108,4707.912379021721,591.0,0.487623762376237,0.13276121488513,0.319508557295322,18.693325683943197,23.050544549256475,0.00132294574269
25025081302,Massachusetts,MA,Suffolk,1,7.28244767123288,58.19119,0.538394497,30.0,0.3,4590.978240701624,3978.453424646753,505.0,0.414273995077932,0.129994547947078,0.346319310798377,19.975224229873376,21.258108009915585,0.001344253750325
25025081400,Massachusetts,MA,Suffolk,1,7.28729095890411,58.21569,0.545082035,30.0,0.3,4420.030516237679,1331.6122785675147,789.0,0.544137931034482,0.114679743743773,0.436648488102809,31.063558286862744,1.677317495493111,0.001785529596979
25025081500,Massachusetts,MA,Suffolk,1,7.28912547945206,58.23665,0.542394115,30.0,0.3,4534.2927930632895,1352.1323523670883,769.0,0.711378353376503,0.125424985962025,0.395641393531646,22.44409407860759,12.353334074683543,0.001409053405063
25025081700,Massachusetts,MA,Suffolk,1,7.29213808219178,58.28409,0.546376015,30.0,0.3,4274.622018577638,281.53732257923207,1475.0,0.66084229390681,0.119669245271432,0.519939781493118,25.404874153052404,2.393649030979956,0.001428230440715
25025081800,Massachusetts,MA,Suffolk,1,7.2911602739726,58.39038,0.547164198,30.0,0.3,4140.600239149986,208.54350285909723,1128.0,0.727741935483871,0.119663331821979,0.59887570116933,23.726236174875247,3.156686151817214,0.001293285672554
25025081900,Massachusetts,MA,Suffolk,1,7.29412794520548,58.24136,0.537047105,30.0,0.3,4437.045961756196,1377.555443834868,755.0,0.425352112676056,0.133853407398529,0.373451471755652,16.67386199940616,11.847372983819124,0.001134819334786
25025082000,Massachusetts,MA,Suffolk,1,7.28515506849315,58.34996,0.542203673,30.0,0.3,4284.386275731768,220.29642812103287,863.0,0.606039325842696,0.132444379876369,0.40812802472144,16.10201425312676,1.802241592073239,0.000760612574022
25025082100,Massachusetts,MA,Suffolk,1,7.27868356164384,58.35923,0.509184285,30.0,0.3,4453.227953833461,1948.614645328484,1387.0,0.584,0.143178152152565,0.331304128635911,13.422536875825038,0.678853222623277,6.2425181011e-05
25025090100,Massachusetts,MA,Suffolk,1,7.26465150684932,58.36574,0.474835858,30.0,0.3,4328.615676509379,2455.898323500097,1627.0,0.759570494864612,0.152894179120286,0.291616212262232,11.07233700446432,2.443187354890157,6.0430815e-08
25025090200,Massachusetts,MA,Suffolk,1,7.26997863013699,58.36371,0.506082175,30.0,0.3,4233.803768308458,496.0026668461027,455.0,0.560344827586206,0.140925728470978,0.345220244776119,13.189600869751242,3.078331019580431,5.0868993e-08
25025090300,Massachusetts,MA,Suffolk,1,7.27504794520548,58.45645,0.538670286,30.0,0.3,4142.508449900395,132.78406181587877,924.0,0.709132770529547,0.132229596906719,0.415034506987352,15.368547673878789,2.558027982166799,4.6280011e-08
25025090400,Massachusetts,MA,Suffolk,1,7.28267671232877,58.44227,0.550152196,30.0,0.3,4080.9808058215062,123.79313925019994,1050.0,0.734265734265734,0.12161185797147,0.584996784952207,19.658388270495,2.897008840868812,0.000957388781761
25025090600,Massachusetts,MA,Suffolk,1,7.28682739726027,58.41291,0.551115875,30.0,0.3,3995.455180917143,272.8084784671429,521.0,0.55901287553648,0.112844536177143,0.920983719951429,27.333349706914284,3.584575419191428,0.001302537757143
25025090700,Massachusetts,MA,Suffolk,1,7.25658301369863,58.62928,0.553857059,30.0,0.3,3676.5117794729294,5042.980538604965,1646.0,0.790585975024015,0.105866664576931,0.886164762606249,23.549265780547827,6.897971047425209,0.000551347164424
25025090901,Massachusetts,MA,Suffolk,1,7.21100383561644,58.83533,0.469234427,30.0,0.3,3396.3631577275,150.35731562155556,202.0,0.125,0.100388546248611,0.421162959744722,13.988627705725,1.075029275317222,5.573271e-08
25025091001,Massachusetts,MA,Suffolk,1,7.2271498630137,58.74932,0.482948635,30.0,0.3,3591.610237549616,1759.727122232258,980.0,0.591430295715147,0.114398899717665,0.409315396340399,13.9746770647957,8.296520405112135,6.513867e-08
25025091100,Massachusetts,MA,Suffolk,1,7.24437671232877,58.7062,0.519413221,30.0,0.3,3659.4252370687545,2243.554833666517,1764.0,0.834831992427827,0.111174759277055,0.52573973349288,17.42392361529089,6.223254185814077,5.5595927e-08
25025091200,Massachusetts,MA,Suffolk,1,7.25746493150685,58.64521,0.552671424,30.0,0.3,3769.8688201898094,535.9603633744587,1012.0,0.774885145482389,0.114600857697452,0.597580067732166,19.804677283200636,4.437714360696815,5.0023862e-08
25025091300,Massachusetts,MA,Suffolk,1,7.26960438356164,58.52111,0.554921349,30.0,0.3,3851.477484504951,398.9785136881188,605.0,0.649838882921589,0.113225716613861,0.775925054811881,24.0077174280198,5.551393056118812,0.000763212069307
25025091400,Massachusetts,MA,Suffolk,1,7.27762356164384,58.51287,0.552424408,30.0,0.3,3912.9548829459454,195.430504148718,637.0,0.535294117647058,0.121428263756064,0.549613763255024,19.185232363465005,1.158184845729037,0.000140779534482
25025091500,Massachusetts,MA,Suffolk,1,7.25980794520548,58.51404,0.543377477,30.0,0.3,3832.7712086142105,392.2947135415868,1143.0,0.628021978021978,0.122441049491282,0.454919012767655,16.525540292855275,9.581249397082388,5.2128363e-08
25025091600,Massachusetts,MA,Suffolk,1,7.24235835616438,58.60738,0.513495152,30.0,0.3,3789.9545942681248,424.5338601723749,995.0,0.832635983263598,0.12772557730875,0.35196502439375,11.95035999558125,10.97845560571875,6.1522351e-08
25025091700,Massachusetts,MA,Suffolk,1,7.24503369863014,58.55742,0.500735424,30.0,0.3,3913.057326200125,122.15896327550108,739.0,0.665765765765765,0.136091126871683,0.324204082444583,13.250845850849204,4.198385834629097,6.3324776e-08
25025091800,Massachusetts,MA,Suffolk,1,7.26203917808219,58.48839,0.522411065,30.0,0.3,3991.890115743948,149.90683565325446,978.0,0.697574893009985,0.132545439911243,0.377082977817644,14.679708915911782,1.26463927406993,5.4557756e-08
25025091900,Massachusetts,MA,Suffolk,1,7.25773205479452,58.43103,0.476103815,30.0,0.3,4138.345127035296,117.51761124548857,931.0,0.577901924270639,0.150831812488546,0.285874777187938,11.475657549420289,2.027177056126227,6.300974e-08
25025092000,Massachusetts,MA,Suffolk,1,7.24452109589041,58.54023,0.477549989,30.0,0.3,3974.889895197297,130.92994272658683,1528.0,0.798328108672936,0.143165738641699,0.286629767059073,13.457604696976832,5.229892527485907,7.1095229e-08
25025092101,Massachusetts,MA,Suffolk,1,7.21849205479452,58.70885,0.481215606,20.0,0.3,3715.313442952464,838.4109416932813,2018.0,0.667769688947716,0.135223735721283,0.26067662184771,8.689569944169772,11.747804450068488,9.5448684e-08
25025092200,Massachusetts,MA,Suffolk,1,7.23232219178082,58.60532,0.472573142,30.0,0.3,3952.688872022765,135.88239450664076,958.0,0.816709292412617,0.150256521547474,0.248030225218767,9.80926151458634,10.618297237651303,8.849798e-08
25025092300,Massachusetts,MA,Suffolk,1,7.24565506849315,58.50421,0.465086727,30.0,0.3,4196.42906572887,153.9747679668434,821.0,0.673502871205906,0.164246024382308,0.237354967574371,9.940782686302938,14.885181935740686,8.0067614e-08
25025092400,Massachusetts,MA,Suffolk,1,7.25601917808219,58.36506,0.462556897,30.0,0.3,4477.352483794462,2266.2988579670346,1280.0,0.547242411286874,0.172956276387177,0.236678346071699,8.13408544027114,5.6265471869105,7.7816892e-08
25025100100,Massachusetts,MA,Suffolk,1,7.24922575342466,58.36363,0.457028696,30.0,0.3,4587.723371365081,2754.194795967092,1091.0,0.488799283154121,0.199741946831527,0.198999804400385,4.962873076747117,7.085658080436735,1.05697071e-07
25025100200,Massachusetts,MA,Suffolk,1,7.23785178082192,58.32095,0.456642453,30.0,0.3,4588.619441569373,1838.6983837584787,846.0,0.72680412371134,0.211239103514217,0.184455558982186,4.770220318946899,9.075353914032204,1.36616748e-07
25025100300,Massachusetts,MA,Suffolk,1,7.23387698630137,58.46578,0.455479091,30.0,0.3,4390.8638735263585,289.613494796532,896.0,0.64,0.203095655567568,0.181621344192133,5.079716312531978,6.570554666336098,1.65179215e-07
25025100400,Massachusetts,MA,Suffolk,1,7.21610136986301,58.52684,0.463497948,30.0,0.3,4178.488637093921,279.86754835353196,1648.0,0.802336903602726,0.184443196098264,0.182289102401342,5.476735112929756,4.964540590166733,1.77105845e-07
25025100500,Massachusetts,MA,Suffolk,1,7.23129726027397,58.56605,0.466495689,20.0,0.3,4109.817975207725,212.4040592082877,2041.0,0.727629233511586,0.168666621108577,0.210454640591697,6.303847686538474,11.127344751398876,1.12806784e-07
25025100601,Massachusetts,MA,Suffolk,1,7.21353917808219,58.68716,0.483413864,30.0,0.3,3791.4805550687006,348.25919807353046,1954.0,0.893870082342177,0.14530477172164,0.218974246936541,6.679659101772183,5.79285284557413,1.31389557e-07
25025100603,Massachusetts,MA,Suffolk,1,7.19115863013699,58.80073,0.4786299,20.0,0.3,3605.6385593614177,3981.69082895488,448.0,0.496674057649667,0.131723302599448,0.201642981765654,6.797009373211787,16.04014793424033,3.09298966e-07
25025100700,Massachusetts,MA,Suffolk,1,7.18766328767123,58.78604,0.482852819,30.0,0.3,3771.3516527973215,1445.158975127585,1624.0,0.809571286141575,0.146332183880425,0.185209508563019,7.296390517613341,11.05239971662304,4.19421675e-07
25025100800,Massachusetts,MA,Suffolk,1,7.19972767123288,58.67986,0.468663019,30.0,0.3,3934.5696843227424,479.70670193614234,2071.0,0.710219478737997,0.165662975460197,0.182684595442756,6.192936390727163,6.13573883538767,6.41331275e-07
25025100900,Massachusetts,MA,Suffolk,1,7.20806191780822,58.56038,0.438759349,20.0,0.3,4384.376459479508,443.06099894308096,1440.0,0.783460282916213,0.210407975548939,0.157481657139826,5.942232113923577,7.718090740659113,1.446917645e-06
25025101001,Massachusetts,MA,Suffolk,1,7.23056739726027,58.19613,0.380196072,20.0,0.3,5278.250756698659,1001.2175180036104,2000.0,0.748222970445192,0.352587949920822,0.138111933420733,4.738371482711707,15.557151519625558,5.36650973e-07
25025101002,Massachusetts,MA,Suffolk,1,7.22148219178082,58.43982,0.421393252,20.0,0.3,4698.444214463936,696.1826283282912,1409.0,0.593763168984408,0.254506153546919,0.154057844562325,5.191862148883404,3.06224216894923,7.84985593e-07
25025101101,Massachusetts,MA,Suffolk,1,7.2403602739726,58.28133,0.448346633,30.0,0.3,4975.970889396933,2221.9242412839294,1051.0,0.749109052031361,0.241482866495173,0.171306740503975,3.943814894404031,3.29106355552527,1.47348995e-07
25025101102,Massachusetts,MA,Suffolk,1,7.23131616438356,58.34942,0.440219759,30.0,0.3,4852.328209203735,2581.4186098166174,1561.0,0.799692622950819,0.256623086781997,0.161733126289971,4.229226384237515,3.737445814873688,2.15720317e-07
25025110104,Massachusetts,MA,Suffolk,1,7.26100657534247,58.04247,0.459607098,30.0,0.3,5860.749964238861,350.3489466634359,666.0,0.872870249017038,0.22277114083831,0.160270819347726,5.983415893985301,6.928136353639871,6.2927112e-08
25025110105,Massachusetts,MA,Suffolk,1,7.26100657534247,58.04247,0.459607098,30.0,0.3,5416.920066,811.9400057,870.0,0.748065348237317,0.192628756,0.189574838,7.456247227,3.048641234,6.02709e-08
25025110106,Massachusetts,MA,Suffolk,1,7.26100657534247,58.04247,0.459607098,30.0,0.3,5743.077315056047,456.4093336489676,577.0,0.718555417185554,0.222560704073746,0.166726200941003,5.315636836644543,7.266927400318584,6.580262e-08
25025110201,Massachusetts,MA,Suffolk,1,7.24641808219178,58.06369,0.416423376,20.0,0.3,6053.517509,597.8883464,419.0,0.431958762886598,0.323124567,0.140867577,4.342095318,7.410201674,1.06143e-07
25025110301,Massachusetts,MA,Suffolk,1,7.25376109589041,58.12956,0.445141038,30.0,0.3,5694.348594253201,274.13808833252,776.0,0.751210067763794,0.255512832718,0.1577815787724,4.4103964833056,5.3646078809028,8.1055548e-08
25025110401,Massachusetts,MA,Suffolk,1,7.25314438356164,57.93068,0.443085472,20.0,0.3,6111.502595839724,281.50088671191725,920.0,0.619946091644204,0.257133289972138,0.148880163298207,6.441456455846897,8.516630943422344,7.4196901e-08
25025110403,Massachusetts,MA,Suffolk,1,7.2458104109589,57.9476,0.359633595,20.0,0.3,6622.355760406582,135.138105214316,1334.0,0.687274600721277,0.351280701380212,0.129217281538878,4.588981809252423,3.13826151736421,9.9651884e-08
25025110501,Massachusetts,MA,Suffolk,1,7.24431534246575,57.76789,0.365959869,20.0,0.3,7201.737321688068,468.9542742956996,1134.0,0.822931785195936,0.27442114492974,0.121161946904906,5.639637441187765,2.330066049050272,0.000160544194428
25025110502,Massachusetts,MA,Suffolk,1,7.25063726027397,57.87113,0.399004766,20.0,0.3,6731.821401125248,261.8819024797,1562.0,0.822971548998946,0.28681466784975,0.1301475923675,5.30943951284375,4.8442358591685,1.5035138946e-05
25025110601,Massachusetts,MA,Suffolk,1,7.26044794520548,57.73593,0.448066388,20.0,0.3,6542.170285626373,719.3734395395604,1008.0,0.710359408033826,0.203162763384615,0.134053252417582,5.469988335714286,4.074420179835164,0.000140102648352
25025110607,Massachusetts,MA,Suffolk,1,7.25561479452055,57.85838,0.443187271,30.0,0.3,6603.056180587945,365.0159558574298,1793.0,0.829324699352451,0.231549379710008,0.13665046660254,5.476102334891205,4.835206207174185,9.3085272369e-05
25025120103,Massachusetts,MA,Suffolk,1,7.27287616438356,57.92579,0.470332117,30.0,0.3,5401.861258,1094.835399,601.0,0.816576086956521,0.151998332,0.205961524,11.59961144,9.750933697,0.001099687
25025120104,Massachusetts,MA,Suffolk,1,7.2703104109589,57.97384,0.460459403,30.0,0.3,5493.688556183734,1095.282501397598,841.0,0.743589743589743,0.168376278354404,0.196063103402444,9.674773341786768,3.009276673234303,9.5777608663e-05
25025120105,Massachusetts,MA,Suffolk,1,7.27389287671233,57.88557,0.466744739,30.0,0.3,5688.871731777287,449.5264014875602,590.0,0.596562184024266,0.15652728912801,0.178442822949037,9.890144645056983,1.090317366815409,0.00068202722175
25025120201,Massachusetts,MA,Suffolk,1,7.27455287671233,58.02564,0.462721037,30.0,0.3,5161.769896677982,538.0272313414908,1284.0,0.584699453551912,0.166218095870413,0.220413085830734,10.370437782941057,10.071835954298166,5.3114717e-08
25025120301,Massachusetts,MA,Suffolk,1,7.27898164383562,58.12074,0.502757272,30.0,0.3,4801.217079680273,1374.021513057383,1316.0,0.608133086876155,0.144282751304102,0.278995669528711,13.917387200953126,20.440389939985547,0.000943655367383
25025120400,Massachusetts,MA,Suffolk,1,7.27643671232877,58.03409,0.493799818,30.0,0.3,5117.950793602065,291.3598979407725,2393.0,0.807354925775978,0.144233897206127,0.235920416297536,13.969753393253413,12.209412714987346,0.001087030592408
25025120500,Massachusetts,MA,Suffolk,1,7.28839397260274,58.08073,0.532247388,30.0,0.3,4857.470700404045,734.5798902966569,769.0,0.678130511463844,0.12881402127404,0.29604943810648,21.117615597758977,3.879787449084606,0.001450007652497
25025120600,Massachusetts,MA,Suffolk,1,7.27956876712329,58.05326,0.523459469,30.0,0.3,4869.195346451286,308.37239020958685,975.0,0.829787234042553,0.133022704854248,0.263848333600156,18.2375431213562,8.949732132272018,0.001376072666407
25025120700,Massachusetts,MA,Suffolk,1,7.27760383561644,58.02341,0.525416547,30.0,0.3,4990.537492753623,727.9397793696587,576.0,0.572564612326043,0.125962118725573,0.253786217913511,23.265889848667605,4.215584398354371,0.001569775912576
25025130101,Massachusetts,MA,Suffolk,1,7.24141534246575,57.52652,0.345156583,20.0,0.3,7001.054346489253,377.4740392574736,1716.0,0.613953488372093,0.180548006597718,0.10890969486789,5.671927532889054,3.691976439283565,0.000276052223545
25025130200,Massachusetts,MA,Suffolk,1,7.24331342465753,57.638,0.377310336,20.0,0.3,7240.293682944562,296.2775718900595,1566.0,0.794520547945205,0.206905414752124,0.112056055573917,6.404570968967503,4.437500386980458,0.000254597719626
25025130300,Massachusetts,MA,Suffolk,1,7.24863945205479,57.72157,0.319539774,20.0,0.3,7642.969174433274,323.6137724728203,1649.0,0.88751345532831,0.276017539631673,0.109878137640792,5.381020144763123,0.996624814826512,0.000235164217304
25025130402,Massachusetts,MA,Suffolk,1,7.23427561643836,57.58873,0.286989237,20.0,0.3,8657.137043133043,390.6906253628513,1435.0,0.647271087054578,0.241998863778812,0.094937023521001,4.960837411621147,6.979215314053796,0.001096759465756
25025130404,Massachusetts,MA,Suffolk,1,7.23614849315068,57.76626,0.297072694,20.0,0.3,8684.89420142792,82.4380364800293,437.0,0.318049490538573,0.30707177645493,0.097928115786528,4.15326067463879,4.095641459240482,0.000386505578588
25025130406,Massachusetts,MA,Suffolk,1,7.22958383561644,57.84888,0.287306338,20.0,0.3,9002.490659995034,80.8440574105657,492.0,0.200162733930024,0.434071636955489,0.096371239147012,3.998342171463912,2.795802670465685,0.000212856182834
25025140102,Massachusetts,MA,Suffolk,1,7.21910054794521,58.06396,0.30216078,20.0,0.3,8674.478154675273,114.86490980524,1148.0,0.60548523206751,0.784688522471965,0.103616065619605,3.479894872844292,2.772512658650867,3.07796441e-07
25025140105,Massachusetts,MA,Suffolk,1,7.23493945205479,58.02441,0.315034784,20.0,0.3,6786.053666760022,83.23528821750557,956.0,0.706056129985228,0.588114700232739,0.116309655704065,4.072278434777282,1.836517988361359,1.75079771e-07
25025140106,Massachusetts,MA,Suffolk,1,7.24230767123288,57.91247,0.309015313,20.0,0.3,7324.911932226814,241.65827743296603,307.0,0.274107142857142,0.359200357802571,0.117471288418274,6.978124686664831,0.845293152551423,1.6240080154e-05
25025140107,Massachusetts,MA,Suffolk,1,7.22396164383562,58.10891,0.301310639,20.0,0.3,7479.0679812606195,139.78926621159107,859.0,0.712271973466003,1.474138633845933,0.102914623426206,4.929949223199424,6.370552554701224,3.55928402e-07
25025140201,Massachusetts,MA,Suffolk,1,7.20476931506849,58.19047,0.305596531,20.0,0.3,8036.724595390306,275.9606843989182,734.0,0.721021611001964,0.748557207635223,0.110566251298572,2.593027974520554,8.079957906205106,9.03775264e-07
25025140202,Massachusetts,MA,Suffolk,1,7.20925561643836,58.20772,0.314186245,20.0,0.3,6818.336387605768,91.59316715862637,1491.0,0.705965909090909,1.461395801743304,0.100849320527473,2.693177837147321,8.567632969931317,9.58970135e-07
25025140300,Massachusetts,MA,Suffolk,1,7.22865780821918,58.17676,0.3208278,20.0,0.3,6562.075133959813,391.4110784155196,1966.0,0.655551850616872,2.034376971246822,0.110457486483706,4.365922102597837,5.92948930844235,1.108001678e-06
25025140400,Massachusetts,MA,Suffolk,1,7.23836657534247,58.15182,0.341644741,20.0,0.3,5850.110869191625,449.0941745391526,1857.0,0.58432976714915,0.454453348918692,0.127201148937524,3.641130701109938,8.276905656743734,4.58935569e-07
25025160102,Massachusetts,MA,Suffolk,1,7.11686849315068,59.25713,0.456173238,30.0,0.4,3401.867678446247,303.17484810015696,775.0,0.643153526970954,0.070956993405964,0.892264478165315,16.433903857154064,4.678780506387653,0.209704537955532
25025160103,Massachusetts,MA,Suffolk,1,7.11686849315068,59.25713,0.456173238,30.0,0.4,3308.538816803272,388.29216396257,619.0,0.495993589743589,0.069555689527335,0.928104361024537,17.857343243501937,3.400795410773569,0.405534377036375
25025160200,Massachusetts,MA,Suffolk,1,7.12432767123288,59.101,0.476365278,30.0,0.4,3378.666506448242,1753.6750830036112,1231.0,0.931869795609386,0.071258882277323,1.583355687593404,24.250990070298503,3.976717955856764,0.402523062864227
25025160300,Massachusetts,MA,Suffolk,1,7.13818410958904,58.90814,0.505381454,30.0,0.4,3465.7758022495464,1810.9042785212491,491.0,0.374237804878048,0.073169088990556,3.285610469586633,22.252819236690883,5.911190072080276,0.208447872466037
25025160400,Massachusetts,MA,Suffolk,1,7.12775835616438,59.03257,0.471055832,30.0,0.4,3464.7126748697783,3270.8469346170705,627.0,0.39508506616257,0.07363453101444,2.593527616301702,19.9975750098066,5.247148918970861,0.216811665807633
25025160501,Massachusetts,MA,Suffolk,1,7.11143397260274,59.2201,0.458324074,20.0,0.3,3433.176894780508,799.53716694534,1508.0,0.72604718343765,0.07469228703276,0.854441362515807,13.940166869038494,3.894020778344472,0.126921734185094
25025160502,Massachusetts,MA,Suffolk,1,7.09015780821918,59.41632,0.424975533,20.0,0.3,3570.646973367059,490.73881152089587,1102.0,0.584925690021231,0.071884703600107,0.541894299408637,13.82098862624197,3.791421404740007,0.358241398914347
25025160601,Massachusetts,MA,Suffolk,1,7.09908109589041,59.29728,0.447637293,20.0,0.3,3434.500043643038,921.170641501316,438.0,0.264972776769509,0.074735142377742,0.580437381942738,13.826344758399904,2.200995964568229,0.168549775039714
25025160602,Massachusetts,MA,Suffolk,1,7.10405753424658,59.20178,0.434957523,20.0,0.3,3469.0506238953208,1552.8055768223376,1239.0,0.745039085989176,0.079208592629164,0.514587138435645,10.423017148178593,4.384260158368833,0.100706017202075
25025170101,Massachusetts,MA,Suffolk,1,7.08512191780822,59.43811,0.397018159,20.0,0.3,3389.2040800723344,891.6723277185681,599.0,0.44141488577745,0.075729001747701,0.370571875748944,10.25504859247825,3.632162846528213,0.230877328931394
25025170102,Massachusetts,MA,Suffolk,1,7.08512191780822,59.43811,0.397018159,20.0,0.3,3391.5310263070787,726.0481933247656,1208.0,0.71563981042654,0.078423232951147,0.332731963540179,8.748536762515254,2.642789798770688,0.141278791970489
25025170200,Massachusetts,MA,Suffolk,1,7.06588301369863,59.45194,0.382817205,20.0,0.3,3378.877302324788,520.5250857445241,1145.0,0.537054409005628,0.079308204617342,0.291270265789067,7.830453291609802,2.247623760981904,0.110990233904618
25025170301,Massachusetts,MA,Suffolk,1,7.04346794520548,59.51838,0.37451124,20.0,0.3,3396.13090597374,959.1893051529592,1189.0,0.496243739565943,0.081599533253797,0.268340873665862,7.454369336499219,4.262230904999432,0.077877225603691
25025170302,Massachusetts,MA,Suffolk,1,7.04346794520548,59.51838,0.37451124,20.0,0.3,3580.959431310541,468.5325803906442,164.0,0.083206494165398,0.086929502521353,0.252183805006665,4.719380390116021,3.721776903928166,0.022008018800321
25025170400,Massachusetts,MA,Suffolk,1,7.01691726027397,59.96721,0.364940663,20.0,0.3,3499.862636403402,1205.9381915061272,1179.0,0.559829059829059,0.074156656747266,0.363916744435168,5.629271820654575,4.680166958338656,0.081856718477174
25025170502,Massachusetts,MA,Suffolk,1,6.93663616438356,60.5722,0.351093873,20.0,0.3,5169.906525322571,785.9173724375108,670.0,0.403371462974111,0.073188102970355,0.828095209944526,3.744032998053713,0.931821334346639,0.018561519482536
25025170503,Massachusetts,MA,Suffolk,1,6.99667369863014,60.10593,0.365841044,20.0,0.3,3654.677929,2069.150117,256.0,0.37155297532656,0.069796821,0.274007458,4.202817152,1.826830517,0.028698612
25025170504,Massachusetts,MA,Suffolk,1,6.99667369863014,60.10593,0.365841044,20.0,0.3,3506.936082586316,2498.595662997466,298.0,0.203135650988411,0.069002797603421,0.218908856158061,5.131995744733608,0.0,0.084486488856193
25025170601,Massachusetts,MA,Suffolk,1,7.05318219178082,59.62948,0.383629458,20.0,0.3,3641.4769937571623,1597.157931425644,1524.0,0.774783934926283,0.07207234035361,0.292596006488234,8.620844040670882,8.843470580941892,0.332924866258524
25025170701,Massachusetts,MA,Suffolk,1,7.02587150684931,59.92835,0.379564797,20.0,0.3,3661.3965135444114,1147.3564254689115,339.0,0.32976653696498,0.065646730866025,0.242717549435973,8.479480558664692,3.926949294481865,0.278668072509993
25025170702,Massachusetts,MA,Suffolk,1,7.02942849315068,59.95103,0.3771794,20.0,0.3,3690.4487015238274,2260.698978266591,1691.0,0.694455852156057,0.068044887791119,0.242802982803002,7.338307098938086,3.819094434982364,0.15341034460813
25025170800,Massachusetts,MA,Suffolk,1,7.01632630136986,60.19083,0.376399533,20.0,0.3,3089.6385555943184,748.0829670091806,1701.0,0.659813809154383,0.062319784115538,0.215481518227092,5.580596828097003,0.81012205628027,0.271504991009527
25025180101,Massachusetts,MA,Suffolk,1,6.99893123287671,60.4083,0.363737896,20.0,0.3,2787.303422122329,426.84212517674007,1208.0,0.477659153815737,0.056997010178842,0.183244131203308,4.252479447718815,4.201868626351827,0.084312412715024
25025180200,Massachusetts,MA,Suffolk,1,7.02824164383562,60.1597,0.387874572,30.0,0.4,2848.588681133611,573.2887234495377,1632.0,0.85,0.057441353608414,0.207787041654877,6.877379214782016,4.508285826342348,0.07713965152381
25025180301,Massachusetts,MA,Suffolk,1,7.04133095890411,60.08445,0.406941009,30.0,0.5,2804.009256216472,696.9465512562324,1160.0,0.927258193445243,0.057864562163143,0.20831612967403,7.197280993663933,0.438743221163774,0.035361411797412
25025180400,Massachusetts,MA,Suffolk,1,7.00879369863014,60.37386,0.387094799,30.0,0.4,2699.2963410705393,850.0122559780082,673.0,0.770022883295194,0.055516173153527,0.176518823692946,4.51537224793361,2.868207165659752,0.024204454846473
25025180500,Massachusetts,MA,Suffolk,1,7.00071780821918,60.48179,0.350015922,20.0,0.3,2618.857811994864,280.508031487234,1571.0,0.74068835454974,0.055475708363414,0.157275170332844,2.789719769504524,1.834983102439961,0.018492459543654
25025980101,Massachusetts,MA,Suffolk,1,7.02326,60.22806,0.377965681,20.0,0.3,0.0,,0.0,0.0,0.0,0.0,0.0,0.0,
25025980300,Massachusetts,MA,Suffolk,1,7.27192410958904,58.24641,0.462391106,20.0,0.3,4742.010195,469.2297248,0.0,0.0,0.180861547,0.217233706,9.016183001,9.24971417,6.58859e-08
25025980700,Massachusetts,MA,Suffolk,1,7.23231616438356,57.93349,0.299616209,20.0,0.2,7924.368692,541.2049889,0.0,0.0,0.363678013,0.11070992,6.082021364,0.828494838,0.00018455
25025980900,Massachusetts,MA,Suffolk,1,7.24141534246575,57.52652,0.345156583,20.0,0.3,7216.578381999999,36.97334132,0.0,0.0,0.16753413,0.093296328,4.618378143,1.85592652,0.000610437
25025981000,Massachusetts,MA,Suffolk,1,7.26596356164384,57.93905,0.458733213,20.0,0.3,5887.657581,293.7997572,13.0,1.0,0.196153655,0.16858913,7.594214497,2.816416429,5.41253e-08
25025981100,Massachusetts,MA,Suffolk,1,7.25409315068493,58.15921,0.454114367,30.0,0.3,5138.052919103092,710.0807858507216,0.0,0.0,0.208606360103093,0.192191544195876,4.877737547597938,2.920394616927835,8.6978432e-08
25025981201,Massachusetts,MA,Suffolk,1,7.19555890410959,58.96961,,,,0.0,,0.0,0.0,0.0,0.0,0.0,0.0,
25025981202,Massachusetts,MA,Suffolk,1,7.17044849315069,59.0851,0.89349067,20.0,0.3,3221.953334,157.4546461,0.0,0.0,0.078155757,0.306265616,19.2358636,4.820752174,0.001417692
25025981300,Massachusetts,MA,Suffolk,1,7.10785671232877,59.55809,0.529625894,30.0,0.4,2982.644212,531.5348238,0.0,0.0,0.067781895,0.423583328,17.81386491,3.140136193,0.06044014
25025981501,Massachusetts,MA,Suffolk,1,7.22993726027397,58.04091,0.647814943,20.0,0.4,4046.409827,2770.900793,0.0,0.0,0.083956116,0.291138603,51.86922695,3.936657152,0.044460432
25025981502,Massachusetts,MA,Suffolk,1,7.05415397260274,59.7984,0.392415986,20.0,0.3,4622.459239,606.7721787,0.0,0.0,0.066316819,0.307270934,14.29038073,5.561187193,0.539508776
25025981600,Massachusetts,MA,Suffolk,1,7.04100191780822,59.97622,,,,3044.930911,56.34682088,0.0,0.0,0.061234663,0.24421847,7.628301217,1.825356163,0.245649263
25025981700,Massachusetts,MA,Suffolk,1,7.21632,58.53758,,,,3628.924545,2765.808744,0.0,0.0,0.080885593,0.60371169,52.4739678,5.237527887,0.005129127
25025981800,Massachusetts,MA,Suffolk,1,7.27851479452055,57.99806,0.518380675,30.0,0.3,4853.382243,1418.707751,0.0,0.0,0.112088672,0.303751735,35.61469423,12.91202732,0.002831037
25025981900,Massachusetts,MA,Suffolk,1,7.23427561643836,57.58873,0.286989237,20.0,0.3,0.0,,0.0,0.0,0.0,0.0,0.0,0.0,
25025990101,Massachusetts,MA,Suffolk,1,7.02585068493151,60.23115,,,,,,0.0,0.0,0.0,0.0,0.0,,
